{
  "ret": true,
  "data": [
    {
      "name": "\u5c0f\u7092\u725b\u8089",
      "id": "785855",
      "img": "http:\/\/s1.cdn.jiaonizuocai.com\/videoImg\/201510\/1313\/561c9a314c8bb.jpg\/OTAweDYwMA",
      "all_click": "961.2\u4e07",
      "favorites": "6.0\u4e07",
      "uri": "dishInfo.app?code=78602371",
      "is_fine": 1,
      "has_make_img": 1,
      "is_exclusive": "2",
      "burdens": "\u9752\u849c\u3001\u5c0f\u7c73\u6912\u3001\u725b\u91cc\u810a\u3001\u9e21\u86cb\u6e05\u3001\u9999\u83dc\u6897\u3001\u8471\u3001\u59dc"
    }, {
      "name": "\u7ea2\u70e7\u8089",
      "id": "785834",
      "img": "http:\/\/s1.cdn.jiaonizuocai.com\/videoImg\/201510\/1311\/561c79f4d4e14.jpg\/OTAweDYwMA",
      "all_click": "3672.3\u4e07",
      "favorites": "10.0\u4e07",
      "uri": "dishInfo.app?code=78600271",
      "is_fine": 1,
      "has_make_img": 1,
      "is_exclusive": "2",
      "burdens": "\u4e94\u82b1\u8089"
    }, {
      "name": "\u7cd6\u918b\u6392\u9aa8",
      "id": "786082",
      "img": "http:\/\/s1.cdn.jiaonizuocai.com\/videoImg\/201509\/0722\/55ed97982b6fc.JPG\/OTAweDYwMA",
      "all_click": "3334.9\u4e07",
      "favorites": "20.4\u4e07",
      "uri": "dishInfo.app?code=78625071",
      "is_fine": 1,
      "has_make_img": 1,
      "is_exclusive": "2",
      "burdens": "\u6392\u9aa8"
    }, {
      "name": "\u6e05\u84b8\u9c7c",
      "id": "778816",
      "img": "http:\/\/s1.cdn.jiaonizuocai.com\/caipu\/201508\/3113\/311354095180.jpg\/OTAweDYwMA",
      "all_click": "1358.8\u4e07",
      "favorites": "7.0\u4e07",
      "uri": "dishInfo.app?code=77898471",
      "is_fine": 1,
      "has_make_img": 1,
      "is_exclusive": "2",
      "burdens": "\u8349\u9c7c"
    }, {
      "name": "\u897f\u7ea2\u67ff\u7092\u9e21\u86cb",
      "id": "801048",
      "img": "http:\/\/s1.cdn.jiaonizuocai.com\/caipu\/201601\/1914\/191406289.jpg\/OTAweDYwMA",
      "all_click": "624.1\u4e07",
      "favorites": "3.1\u4e07",
      "uri": "dishInfo.app?code=80121673",
      "is_fine": 1,
      "has_make_img": 1,
      "is_exclusive": "9",
      "burdens": "\u9e21\u86cb\u3001\u9999\u83dc\u3001\u897f\u7ea2\u67ff\u3001\u8471\u3001\u5927\u849c"
    }, {
      "name": "\u849c\u9999\u6392\u9aa8",
      "id": "780819",
      "img": "http:\/\/s1.cdn.jiaonizuocai.com\/videoImg\/201509\/0722\/55eda07f5974c.JPG\/OTAweDYwMA",
      "all_click": "949.4\u4e07",
      "favorites": "5.7\u4e07",
      "uri": "dishInfo.app?code=78098771",
      "is_fine": 1,
      "has_make_img": 1,
      "is_exclusive": "2",
      "burdens": "\u6392\u9aa8"
    }, {
      "name": "\u9c7c\u9999\u8304\u5b50",
      "id": "775734",
      "img": "http:\/\/s1.cdn.jiaonizuocai.com\/caipu\/201508\/1115\/042148249114.jpg\/OTAweDYwMA",
      "all_click": "1106.6\u4e07",
      "favorites": "9.1\u4e07",
      "uri": "dishInfo.app?code=77590227",
      "is_fine": 1,
      "has_make_img": 1,
      "is_exclusive": "2",
      "burdens": "\u8304\u5b50\u3001\u8471\u59dc\u849c\u3001\u732a\u8089\u7cdc\u3001\u918b\u3001\u6599\u9152\u3001\u76d0\u3001\u7cd6\u3001\u751f\u62bd\u3001\u751f\u7c89\u3001\u90eb\u53bf\u8c46\u74e3\u9171\u3001\u6c34\u6dc0\u7c89"
    }, {
      "name": "\u571f\u8c46\u7096\u725b\u8089",
      "id": "808716",
      "img": "http:\/\/s1.cdn.jiaonizuocai.com\/caipu\/201603\/0818\/081841111186.jpg\/OTAweDYwMA",
      "all_click": "552.7\u4e07",
      "favorites": "3.3\u4e07",
      "uri": "dishInfo.app?code=80888408",
      "is_fine": 2,
      "has_make_img": 1,
      "is_exclusive": "9",
      "burdens": "\u725b\u8089\u3001\u571f\u8c46\u3001\u8471\u3001\u59dc\u3001\u6599\u9152\u3001\u82b1\u6912\u3001\u76d0\u3001\u9171\u6cb9\u3001\u6cb9"
    }, {
      "name": "\u7ea2\u70e7\u9cab\u9c7c",
      "id": "778785",
      "img": "http:\/\/s1.cdn.jiaonizuocai.com\/caipu\/201508\/3111\/311153367572.jpg\/OTAweDYwMA",
      "all_click": "919.6\u4e07",
      "favorites": "4.9\u4e07",
      "uri": "dishInfo.app?code=77895371",
      "is_fine": 1,
      "has_make_img": 1,
      "is_exclusive": "2",
      "burdens": "\u9cab\u9c7c"
    }, {
      "name": "\u7ea2\u70e7\u8089",
      "id": "216633",
      "img": "http:\/\/s1.cdn.jiaonizuocai.com\/caipu\/201502\/0914\/091427111222.jpg\/OTAweDYwMA",
      "all_click": "611.6\u4e07",
      "favorites": "1.2\u4e07",
      "uri": "dishInfo.app?code=21680129",
      "is_fine": 2,
      "has_make_img": 1,
      "is_exclusive": "9",
      "burdens": "\u4e94\u82b1\u8089\u3001\u751f\u59dc\u3001\u8471\u82b1\u3001\u5927\u8471"
    },
    {
      "name": "\u53ef\u53ef\u575a\u679c\u66f2\u5947\u997c\u5e72",
      "id": "835381",
      "img": "http:\/\/s1.cdn.jiaonizuocai.com\/caipu\/201605\/1515\/151554197122.jpg\/OTAweDYwMA",
      "all_click": "13.5\u4e07",
      "favorites": "572",
      "uri": "dishInfo.app?code=83554976",
      "is_fine": 2,
      "has_make_img": 1,
      "is_exclusive": "9",
      "burdens": "\u9e21\u86cb\u3001\u4f4e\u7b4b\u9762\u7c89\u3001\u9ec4\u6cb9\u3001\u53ef\u53ef\u7c89\u3001\u7cd6\u7c89"
    }, {
      "name": "\u8f7b\u4e73\u916a\u86cb\u7cd5",
      "id": "773496",
      "img": "http:\/\/s1.cdn.jiaonizuocai.com\/caipu\/201507\/2722\/272226259107.jpg\/OTAweDYwMA",
      "all_click": "108.1\u4e07",
      "favorites": "8946",
      "uri": "dishInfo.app?code=77366428",
      "is_fine": 1,
      "has_make_img": 1,
      "is_exclusive": "9",
      "burdens": "\u9e21\u86cb\u3001\u7389\u7c73\u6dc0\u7c89\u3001\u4f4e\u7b4b\u9762\u7c89\u3001\u7ec6\u7802\u7cd6\u3001\u6930\u6d46\u3001\u9ec4\u6cb9\u3001\u5976\u6cb9\u5976\u916a"
    }, {
      "name": "\u739b\u683c\u4e3d\u7279\u997c\u5e72",
      "id": "789140",
      "img": "http:\/\/s1.cdn.jiaonizuocai.com\/caipu\/201511\/1414\/141539449397.jpg\/OTAweDYwMA",
      "all_click": "79.0\u4e07",
      "favorites": "1.4\u4e07",
      "uri": "dishInfo.app?code=78930852",
      "is_fine": 1,
      "has_make_img": 1,
      "is_exclusive": "9",
      "burdens": "\u7389\u7c73\u6dc0\u7c89\u3001\u4f4e\u7b4b\u9762\u7c89\u3001\u719f\u86cb\u9ec4"
    }, {
      "name": "\u9ed1\u68ee\u6797\u86cb\u7cd5",
      "id": "769836",
      "img": "http:\/\/s1.cdn.jiaonizuocai.com\/caipu\/201506\/2714\/271419323579.jpg\/OTAweDYwMA",
      "all_click": "65.2\u4e07",
      "favorites": "4897",
      "uri": "dishInfo.app?code=77000410",
      "is_fine": 2,
      "has_make_img": 1,
      "is_exclusive": "9",
      "burdens": "\u9e21\u86cb\u3001\u6c34\u3001\u4f4e\u7b4b\u9762\u7c89\u3001\u7ef5\u767d\u7cd6\u3001\u7ef5\u767d\u7cd6\u3001\u53ef\u53ef\u7c89\u3001\u690d\u7269\u6cb9\u3001\u6de1\u5976\u6cb9\u3001\u98df\u76d0\u3001\u5854\u5854\u7c89\u3001\u5de7\u514b\u529b\u5c51\u3001\u7cd6\u4efd\u3001\u9ad8\u8102\u5976\u7c89\uff08\u70d8\u7119\u4e13\u7528\uff09\u3001\u9ad8\u8102\u5976\u7c89\uff08\u70d8\u7119\u4e13\u7528\uff09"
    }, {
      "name": "\u53e4\u5178\u5de7\u514b\u529b\u86cb\u7cd5",
      "id": "837068",
      "img": "http:\/\/s1.cdn.jiaonizuocai.com\/caipu\/201605\/1718\/171804353178.jpg\/OTAweDYwMA",
      "all_click": "5.9\u4e07",
      "favorites": "613",
      "uri": "dishInfo.app?code=83723653",
      "is_fine": 2,
      "has_make_img": 1,
      "is_exclusive": "9",
      "burdens": "\u5de7\u514b\u529b\u788e\u3001\u5976\u6cb9\u3001\u86cb\u7cd5\u80da"
    }, {
      "name": "\u62b9\u8336\u86cb\u7cd5\u5377",
      "id": "798225",
      "img": "http:\/\/s1.cdn.jiaonizuocai.com\/caipu\/201601\/0811\/081154448687.jpg\/OTAweDYwMA",
      "all_click": "35.4\u4e07",
      "favorites": "3343",
      "uri": "dishInfo.app?code=79839301",
      "is_fine": 1,
      "has_make_img": 1,
      "is_exclusive": "9",
      "burdens": "\u9e21\u86cb\u3001\u725b\u5976\u3001\u4f4e\u7b4b\u9762\u7c89\u3001\u6cb9\u3001\u62b9\u8336\u7c89"
    }, {
      "name": "\u5de7\u514b\u529b\u8c46\u997c\u5e72",
      "id": "837729",
      "img": "http:\/\/s1.cdn.jiaonizuocai.com\/caipu\/201605\/1816\/181618262807.jpg\/OTAweDYwMA",
      "all_click": "27.1\u4e07",
      "favorites": "2217",
      "uri": "dishInfo.app?code=83789788",
      "is_fine": 1,
      "has_make_img": 1,
      "is_exclusive": "9",
      "burdens": "\u9e21\u86cb\u3001\u4f4e\u7b4b\u9762\u7c89\u3001\u9ec4\u6cb9\u3001\u53ef\u53ef\u7c89\u3001\u76d0\u3001\u6ce1\u6253\u7c89\u3001\u767d\u7cd6\u3001\u9999\u8349\u7cbe\u3001\u70d8\u7119\u5242\u91cf\u676f\uff1a\u3001\u8010\u70ed\u70d8\u7119\u5de7\u514b\u529b\u8c46"
    }, {
      "name": "\u83e0\u841d\u5305",
      "id": "776491",
      "img": "http:\/\/s1.cdn.jiaonizuocai.com\/caipu\/201508\/1617\/200105387287.jpg\/OTAweDYwMA",
      "all_click": "71.0\u4e07",
      "favorites": "4776",
      "uri": "dishInfo.app?code=77665927",
      "is_fine": 1,
      "has_make_img": 1,
      "is_exclusive": "2",
      "burdens": "\u76d0\uff08\u9762\u5305\u80da\uff09\u3001\u6c34\uff08\u9762\u5305\u80da\uff09\u3001\u9ec4\u6cb9\uff08\u9762\u5305\u80da\uff09\u3001\u7ec6\u7802\u7cd6\uff08\u9762\u5305\u80da\uff09\u3001\u9ad8\u7b4b\u7c89(\u9762\u5305\u80da\uff09\u3001\u5168\u86cb\u6db2\uff08\u9762\u5305\u80da\uff09\u3001\u5976\u7c89\uff08\u9762\u5305\u80da\uff09\u3001\u5929\u7136\u9175\u79cd\uff08100%\u6c34"
    }, {
      "name": "\u78e8\u7259\u68d2",
      "id": "818315",
      "img": "http:\/\/s1.cdn.jiaonizuocai.com\/caipu\/201604\/1710\/171031541292.jpg\/OTAweDYwMA",
      "all_click": "21.7\u4e07",
      "favorites": "2992",
      "uri": "dishInfo.app?code=81848383",
      "is_fine": 1,
      "has_make_img": 1,
      "is_exclusive": "9",
      "burdens": "\u9e21\u86cb\u3001\u4f4e\u7c89\u3001\u9ec4\u6cb9\u3001\u7cd6\u7c89"
    }, {
      "name": "\u6e2f\u5f0f\u5410\u53f8",
      "id": "217520",
      "img": "http:\/\/s1.cdn.jiaonizuocai.com\/caipu\/201503\/2020\/202041142728.jpg\/OTAweDYwMA",
      "all_click": "11.1\u4e07",
      "favorites": "1385",
      "uri": "dishInfo.app?code=21768862",
      "is_fine": 2,
      "has_make_img": 1,
      "is_exclusive": "9",
      "burdens": "\u9e21\u86cb\u3001\u6c34\u3001\u9175\u6bcd\u3001\u9ad8\u7b4b\u9762\u7c89\u3001\u5168\u8102\u5976\u7c89\u3001\u9ec4\u6cb9\u3001\u76d0\u3001\u767d\u7802\u7cd6"
    },
    {
      "name": "\u9752\u6912\u7092\u9999\u5e72",
      "id": "799859",
      "img": "http:\/\/s1.cdn.jiaonizuocai.com\/caipu\/201601\/1423\/211412215476.jpg\/OTAweDYwMA",
      "all_click": "73.5\u4e07",
      "favorites": "6679",
      "uri": "dishInfo.app?code=80002697",
      "is_fine": 1,
      "has_make_img": 1,
      "is_exclusive": "2",
      "burdens": "\u9752\u6912\u3001\u7ea2\u8fa3\u6912\u3001\u9999\u5e72"
    }, {
      "name": "\u51c9\u62cc\u9ec4\u8c46\u82bd",
      "id": "793956",
      "img": "http:\/\/s1.cdn.jiaonizuocai.com\/caipu\/201512\/1409\/170911571133.jpg\/OTAweDYwMA",
      "all_click": "151.2\u4e07",
      "favorites": "1.9\u4e07",
      "uri": "dishInfo.app?code=79412452",
      "is_fine": 1,
      "has_make_img": 1,
      "is_exclusive": "2",
      "burdens": "\u9999\u83dc\u3001\u9ec4\u8c46\u82bd\u3001\u829d\u9ebb\u3001\u8471\u3001\u918b\u3001\u849c\u3001\u76d0\u3001\u7cd6\u3001\u751f\u62bd\u3001\u6cb9\u3001\u9e21\u7cbe\u3001\u9999\u6cb9\u3001\u8fa3\u6912\u9762"
    }, {
      "name": "\u864e\u76ae\u9752\u6912",
      "id": "813538",
      "img": "http:\/\/s1.cdn.jiaonizuocai.com\/caipu\/201603\/3010\/301011441374.jpg\/OTAweDYwMA",
      "all_click": "739.1\u4e07",
      "favorites": "7.6\u4e07",
      "uri": "dishInfo.app?code=81370627",
      "is_fine": 1,
      "has_make_img": 1,
      "is_exclusive": "2",
      "burdens": "\u9752\u6912\u3001\u918b\u3001\u849c\u3001\u76d0\u3001\u7cd6\u3001\u751f\u62bd\u3001\u6cb9"
    }, {
      "name": "\u756a\u8304\u7092\u897f\u5170\u82b1",
      "id": "787825",
      "img": "http:\/\/s1.cdn.jiaonizuocai.com\/videoImg\/201511\/0314\/56384dbb6eccc.jpg\/OTAweDYwMA",
      "all_click": "421.9\u4e07",
      "favorites": "3.4\u4e07",
      "uri": "dishInfo.app?code=78799371",
      "is_fine": 1,
      "has_make_img": 1,
      "is_exclusive": "2",
      "burdens": "\u897f\u5170\u82b1\u3001\u897f\u7ea2\u67ff"
    }, {
      "name": "\u6e05\u7092\u832d\u767d",
      "id": "838447",
      "img": "http:\/\/s1.cdn.jiaonizuocai.com\/caipu\/201605\/1915\/191526528108.jpg\/OTAweDYwMA",
      "all_click": "184.5\u4e07",
      "favorites": "4152",
      "uri": "dishInfo.app?code=83861527",
      "is_fine": 2,
      "has_make_img": 1,
      "is_exclusive": "1",
      "burdens": "\u832d\u767d"
    }, {
      "name": "\u7ea2\u8c46\u858f\u7c73\u6c34",
      "id": "833605",
      "img": "http:\/\/s1.cdn.jiaonizuocai.com\/caipu\/201605\/1309\/130946355952.jpg\/OTAweDYwMA",
      "all_click": "48.1\u4e07",
      "favorites": "1788",
      "uri": "dishInfo.app?code=83377381",
      "is_fine": 1,
      "has_make_img": 1,
      "is_exclusive": "9",
      "burdens": "\u7cef\u7c73\u3001\u858f\u7c73\u3001\u7eff\u8c46\u3001\u7ea2\u8c46\u3001\u7cd6"
    }, {
      "name": "\u6e05\u7092\u5c71\u836f\u897f\u5170\u82b1",
      "id": "834648",
      "img": "http:\/\/s1.cdn.jiaonizuocai.com\/caipu\/201605\/1415\/141509466883.jpg\/OTAweDYwMA",
      "all_click": "99.4\u4e07",
      "favorites": "9508",
      "uri": "dishInfo.app?code=83481633",
      "is_fine": 2,
      "has_make_img": 1,
      "is_exclusive": "9",
      "burdens": "\u5c71\u836f\u3001\u7ea2\u6912\u3001\u897f\u84dd\u82b1\u3001\u59dc\u3001\u5927\u849c"
    }, {
      "name": "\u6ce1\u83dc\u997c",
      "id": "834271",
      "img": "http:\/\/s1.cdn.jiaonizuocai.com\/caipu\/201605\/1405\/140546102661.jpg\/OTAweDYwMA",
      "all_click": "34.3\u4e07",
      "favorites": "1094",
      "uri": "dishInfo.app?code=83443971",
      "is_fine": 2,
      "has_make_img": 1,
      "is_exclusive": "2",
      "burdens": "\u9762\u7c89\u3001\u53d1\u9175\u7c89\u3001\u6ce1\u83dc"
    }, {
      "name": "\u83b4\u7b0b\u7092\u9e21\u86cb",
      "id": "834306",
      "img": "http:\/\/s1.cdn.jiaonizuocai.com\/caipu\/201605\/1408\/140812295301.jpg\/OTAweDYwMA",
      "all_click": "74.2\u4e07",
      "favorites": "4950",
      "uri": "dishInfo.app?code=83447460",
      "is_fine": 1,
      "has_make_img": 1,
      "is_exclusive": "9",
      "burdens": "\u9e21\u86cb\u3001\u83b4\u7b0b\u3001\u7ea2\u6912\u3001\u5c0f\u8471"
    }, {
      "name": "\u8471\u6cb9\u723d\u8106\u5357\u74dc",
      "id": "837294",
      "img": "http:\/\/s1.cdn.jiaonizuocai.com\/caipu\/201605\/1722\/172215217867.jpg\/OTAweDYwMA",
      "all_click": "48.4\u4e07",
      "favorites": "2767",
      "uri": "dishInfo.app?code=83746206",
      "is_fine": 2,
      "has_make_img": 1,
      "is_exclusive": "9",
      "burdens": "\u5357\u74dc\u3001\u8471"
    },
    {
      "name": "\u76ae\u86cb\u62cc\u8c46\u8150",
      "id": "827955",
      "img": "http:\/\/s1.cdn.jiaonizuocai.com\/caipu\/201604\/2121\/212305195442.jpg\/OTAweDYwMA",
      "all_click": "388.8\u4e07",
      "favorites": "4.2\u4e07",
      "uri": "dishInfo.app?code=82812297",
      "is_fine": 1,
      "has_make_img": 1,
      "is_exclusive": "9",
      "burdens": "\u76ae\u86cb\u3001\u5ae9\u8c46\u8150"
    }, {
      "name": "\u51c9\u62cc\u6d77\u5e26\u4e1d",
      "id": "778444",
      "img": "http:\/\/s1.cdn.jiaonizuocai.com\/videoImg\/201508\/2722\/55df165f2fa58.JPG\/OTAweDYwMA",
      "all_click": "617.5\u4e07",
      "favorites": "3.9\u4e07",
      "uri": "dishInfo.app?code=77861271",
      "is_fine": 1,
      "has_make_img": 1,
      "is_exclusive": "2",
      "burdens": "\u6d77\u5e26\u4e1d"
    }, {
      "name": "\u51c9\u62cc\u82b9\u83dc",
      "id": "805657",
      "img": "http:\/\/s1.cdn.jiaonizuocai.com\/caipu\/201602\/1820\/182006369191.jpg\/OTAweDYwMA",
      "all_click": "194.7\u4e07",
      "favorites": "1.7\u4e07",
      "uri": "dishInfo.app?code=80582566",
      "is_fine": 1,
      "has_make_img": 1,
      "is_exclusive": "9",
      "burdens": "\u82b9\u83dc\u3001\u80e1\u841d\u535c\u3001\u6728\u8033"
    }, {
      "name": "\u51c9\u62cc\u9ec4\u8c46\u82bd",
      "id": "793956",
      "img": "http:\/\/s1.cdn.jiaonizuocai.com\/caipu\/201512\/1409\/170911571133.jpg\/OTAweDYwMA",
      "all_click": "151.2\u4e07",
      "favorites": "1.9\u4e07",
      "uri": "dishInfo.app?code=79412452",
      "is_fine": 1,
      "has_make_img": 1,
      "is_exclusive": "2",
      "burdens": "\u9999\u83dc\u3001\u9ec4\u8c46\u82bd\u3001\u829d\u9ebb\u3001\u8471\u3001\u918b\u3001\u849c\u3001\u76d0\u3001\u7cd6\u3001\u751f\u62bd\u3001\u6cb9\u3001\u9e21\u7cbe\u3001\u9999\u6cb9\u3001\u8fa3\u6912\u9762"
    }, {
      "name": "\u51c9\u62cc\u85d5\u7247",
      "id": "790528",
      "img": "http:\/\/s1.cdn.jiaonizuocai.com\/caipu\/201511\/2314\/231418172139.jpg\/OTAweDYwMA",
      "all_click": "283.5\u4e07",
      "favorites": "2.5\u4e07",
      "uri": "dishInfo.app?code=79069597",
      "is_fine": 1,
      "has_make_img": 1,
      "is_exclusive": "9",
      "burdens": "\u85d5\u3001\u7ea2\u5c16\u6912"
    }, {
      "name": "\u73ab\u7470\u5c71\u836f",
      "id": "835028",
      "img": "http:\/\/s1.cdn.jiaonizuocai.com\/caipu\/201605\/1507\/150729137308.jpg\/OTAweDYwMA",
      "all_click": "44.9\u4e07",
      "favorites": "1309",
      "uri": "dishInfo.app?code=83519619",
      "is_fine": 2,
      "has_make_img": 1,
      "is_exclusive": "9",
      "burdens": "\u5e72\u73ab\u7470\u82b1\u3001\u957f\u5c71\u836f\u3001\u7cd6\u73ab\u7470\u9171"
    }, {
      "name": "\u51c9\u62cc\u9ed1\u6728\u8033",
      "id": "832891",
      "img": "http:\/\/s1.cdn.jiaonizuocai.com\/caipu\/201605\/1120\/112055191758.jpg\/OTAweDYwMA",
      "all_click": "168.4\u4e07",
      "favorites": "1.6\u4e07",
      "uri": "dishInfo.app?code=83305926",
      "is_fine": 2,
      "has_make_img": 1,
      "is_exclusive": "9",
      "burdens": "\u9999\u83dc\u3001\u7ea2\u8fa3\u6912\u3001\u5e72\u9ed1\u6728\u8033"
    }, {
      "name": "\u751f\u6912\u51c9\u62cc\u9ed1\u6728\u8033",
      "id": "772022",
      "img": "http:\/\/s1.cdn.jiaonizuocai.com\/caipu\/201507\/1715\/171548454593.jpg\/OTAweDYwMA",
      "all_click": "71.7\u4e07",
      "favorites": "4910",
      "uri": "dishInfo.app?code=77219011",
      "is_fine": 2,
      "has_make_img": 1,
      "is_exclusive": "9",
      "burdens": "\u80e1\u841d\u535c\u3001\u5c0f\u7c73\u6912\u3001\u676d\u6912\u3001\u5e72\u9ed1\u6728\u8033\u3001\u5c0f\u5ae9\u8471\u3001\u7389\u7c73\u6dc0\u7c89\u6216\u5c0f\u82cf\u6253\uff08\u6e05\u6d17\u6728\u8033\u7528\uff09"
    }, {
      "name": "\u51c9\u62cc\u8c46\u89d2",
      "id": "805785",
      "img": "http:\/\/s1.cdn.jiaonizuocai.com\/caipu\/201602\/1917\/191726567021.jpg\/OTAweDYwMA",
      "all_click": "307.7\u4e07",
      "favorites": "1.3\u4e07",
      "uri": "dishInfo.app?code=80595371",
      "is_fine": 2,
      "has_make_img": 1,
      "is_exclusive": "2",
      "burdens": "\u957f\u8c46\u89d2"
    },
    {
      "name": "\u7cd6\u918b\u6392\u9aa8",
      "id": "786082",
      "img": "http:\/\/s1.cdn.jiaonizuocai.com\/videoImg\/201509\/0722\/55ed97982b6fc.JPG\/OTAweDYwMA",
      "all_click": "3334.9\u4e07",
      "favorites": "20.4\u4e07",
      "uri": "dishInfo.app?code=78625071",
      "is_fine": 1,
      "has_make_img": 1,
      "is_exclusive": "2",
      "burdens": "\u6392\u9aa8"
    }, {
      "name": "\u9999\u8fa3\u725b\u8089",
      "id": "778097",
      "img": "http:\/\/s1.cdn.jiaonizuocai.com\/caipu\/201508\/2613\/261328491342.jpg\/OTAweDYwMA",
      "all_click": "140.0\u4e07",
      "favorites": "2.2\u4e07",
      "uri": "dishInfo.app?code=77826499",
      "is_fine": 2,
      "has_make_img": 1,
      "is_exclusive": "1",
      "burdens": "\u725b\u8089\u3001\u59dc\u3001\u5e72\u8fa3\u6912"
    }, {
      "name": "\u9ebb\u5a46\u8c46\u8150",
      "id": "780102",
      "img": "http:\/\/s1.cdn.jiaonizuocai.com\/videoImg\/201509\/0721\/55ed95c20615a.JPG\/OTAweDYwMA",
      "all_click": "1706.6\u4e07",
      "favorites": "11.6\u4e07",
      "uri": "dishInfo.app?code=78027071",
      "is_fine": 1,
      "has_make_img": 1,
      "is_exclusive": "2",
      "burdens": "\u725b\u8089\u3001\u97e7\u8c46\u8150"
    }, {
      "name": "\u5bab\u4fdd\u9e21\u4e01",
      "id": "785822",
      "img": "http:\/\/s1.cdn.jiaonizuocai.com\/videoImg\/201510\/1310\/561c71166b43e.jpg\/OTAweDYwMA",
      "all_click": "1442.2\u4e07",
      "favorites": "13.0\u4e07",
      "uri": "dishInfo.app?code=78599071",
      "is_fine": 1,
      "has_make_img": 1,
      "is_exclusive": "2",
      "burdens": "\u9e21\u86cb\u3001\u9e21\u812f\u8089\u3001\u82b1\u751f\u7c73"
    }, {
      "name": "\u571f\u8c46\u7096\u6392\u9aa8",
      "id": "816684",
      "img": "http:\/\/s1.cdn.jiaonizuocai.com\/caipu\/201604\/1115\/111530241183.jpg\/OTAweDYwMA",
      "all_click": "812.7\u4e07",
      "favorites": "6.7\u4e07",
      "uri": "dishInfo.app?code=81685271",
      "is_fine": 2,
      "has_make_img": 1,
      "is_exclusive": "2",
      "burdens": "\u6392\u9aa8\u3001\u571f\u8c46"
    }, {
      "name": "\u864e\u76ae\u9752\u6912",
      "id": "813538",
      "img": "http:\/\/s1.cdn.jiaonizuocai.com\/caipu\/201603\/3010\/301011441374.jpg\/OTAweDYwMA",
      "all_click": "739.1\u4e07",
      "favorites": "7.6\u4e07",
      "uri": "dishInfo.app?code=81370627",
      "is_fine": 1,
      "has_make_img": 1,
      "is_exclusive": "2",
      "burdens": "\u9752\u6912\u3001\u918b\u3001\u849c\u3001\u76d0\u3001\u7cd6\u3001\u751f\u62bd\u3001\u6cb9"
    }, {
      "name": "\u83e0\u841d\u5495\u565c\u8089",
      "id": "777356",
      "img": "http:\/\/s1.cdn.jiaonizuocai.com\/caipu\/201508\/2119\/081045069894.jpg\/OTAweDYwMA",
      "all_click": "333.6\u4e07",
      "favorites": "4.8\u4e07",
      "uri": "dishInfo.app?code=77752427",
      "is_fine": 1,
      "has_make_img": 1,
      "is_exclusive": "2",
      "burdens": "\u9e21\u86cb\u3001\u83e0\u841d\u3001\u9762\u7c89\u3001\u8543\u8304\u6c99\u53f8\u3001\u918b\u3001\u732a\u91cc\u810a\u8089\u3001\u6599\u9152\u3001\u9752\u7ea2\u751c\u6912\u3001\u76d0\u3001\u751f\u62bd\u3001\u6cb9\u3001\u6e05\u6c34\u3001\u80e1\u6912\u7c89\u3001\u6dc0\u7c89\u3001\u6912\u76d0\u3001\u6c34\u6dc0\u7c89"
    }, {
      "name": "\u79d8\u5236\u7ea2\u7116\u7f8a\u8089",
      "id": "805787",
      "img": "http:\/\/s1.cdn.jiaonizuocai.com\/caipu\/201602\/1917\/191735075144.jpg\/OTAweDYwMA",
      "all_click": "200.6\u4e07",
      "favorites": "1.1\u4e07",
      "uri": "dishInfo.app?code=80595571",
      "is_fine": 2,
      "has_make_img": 1,
      "is_exclusive": "2",
      "burdens": "\u7f8a\u817f\u8089"
    }, {
      "name": "\u849c\u82d4\u7092\u814a\u8089",
      "id": "785839",
      "img": "http:\/\/s1.cdn.jiaonizuocai.com\/videoImg\/201510\/1313\/561c91d3a7653.jpg\/OTAweDYwMA",
      "all_click": "304.5\u4e07",
      "favorites": "2.1\u4e07",
      "uri": "dishInfo.app?code=78600771",
      "is_fine": 1,
      "has_make_img": 1,
      "is_exclusive": "2",
      "burdens": "\u814a\u8089\u3001\u849c\u82d7"
    }, {
      "name": "\u7ea2\u70e7\u9c7c\u5757",
      "id": "778786",
      "img": "http:\/\/s1.cdn.jiaonizuocai.com\/caipu\/201508\/3112\/311201167492.jpg\/OTAweDYwMA",
      "all_click": "865.1\u4e07",
      "favorites": "3.3\u4e07",
      "uri": "dishInfo.app?code=77895471",
      "is_fine": 1,
      "has_make_img": 1,
      "is_exclusive": "2",
      "burdens": "\u4e94\u82b1\u8089\u3001\u8349\u9c7c"
    },
    {
      "name": "\u56db\u5ddd\u8fa3\u5b50\u9e21",
      "id": "884945",
      "img": "http:\/\/s1.cdn.jiaonizuocai.com\/caipu\/201609\/0820\/082033178610.jpg\/OTAweDYwMA",
      "all_click": "119.0\u4e07",
      "favorites": "1.7\u4e07",
      "uri": "dishInfo.app?code=88511327",
      "is_fine": 1,
      "has_make_img": 1,
      "is_exclusive": "2",
      "burdens": "\u719f\u767d\u829d\u9ebb\u3001\u59dc\u3001\u849c\u3001\u4e09\u9ec4\u9e21\u3001\u6599\u9152\u3001\u82b1\u6912\u3001\u76d0\u3001\u767d\u7802\u7cd6\u3001\u751f\u62bd\u3001\u6cb9\u3001\u751f\u7c89\u3001\u9e21\u7c89\u3001\u829d\u9ebb\u9999\u6cb9\u3001\u4e8c\u8346\u6761\u5e72\u8fa3\u6912"
    }, {
      "name": "\u6c34\u716e\u9c7c",
      "id": "869093",
      "img": "http:\/\/s1.cdn.jiaonizuocai.com\/caipu\/201608\/1201\/12105013291.jpg\/OTAweDYwMA",
      "all_click": "576.8\u4e07",
      "favorites": "3.5\u4e07",
      "uri": "dishInfo.app?code=86926178",
      "is_fine": 1,
      "has_make_img": 1,
      "is_exclusive": "2",
      "burdens": "\u9ec4\u8c46\u82bd\u3001\u8349\u9c7c\uff08\u4e09\u65a4\u5de6\u53f3\uff09"
    }, {
      "name": "\u56db\u5ddd\u62c5\u62c5\u9762",
      "id": "841128",
      "img": "http:\/\/s1.cdn.jiaonizuocai.com\/caipu\/201605\/2321\/241506061981.jpg\/OTAweDYwMA",
      "all_click": "100.9\u4e07",
      "favorites": "1.1\u4e07",
      "uri": "dishInfo.app?code=84129678",
      "is_fine": 1,
      "has_make_img": 1,
      "is_exclusive": "1",
      "burdens": "\u4e94\u82b1\u8089\u3001\u7ec6\u9762\u3001\u5b9c\u5bbe\u82bd\u83dc"
    }, {
      "name": "\u56db\u5ddd\u6912\u9ebb\u9e21",
      "id": "891830",
      "img": "http:\/\/s1.cdn.jiaonizuocai.com\/caipu\/201609\/2010\/201007216534.jpg\/OTAweDYwMA",
      "all_click": "89.3\u4e07",
      "favorites": "1.4\u4e07",
      "uri": "dishInfo.app?code=89199868",
      "is_fine": 1,
      "has_make_img": 1,
      "is_exclusive": "2",
      "burdens": "\u9e21\u817f"
    }, {
      "name": "\u8c49\u6c41\u84b8\u6392\u9aa8",
      "id": "832801",
      "img": "http:\/\/s1.cdn.jiaonizuocai.com\/caipu\/201605\/1118\/112329444160.jpg\/OTAweDYwMA",
      "all_click": "139.6\u4e07",
      "favorites": "2.4\u4e07",
      "uri": "dishInfo.app?code=83296927",
      "is_fine": 1,
      "has_make_img": 1,
      "is_exclusive": "2",
      "burdens": "\u8471\u3001\u59dc\u3001\u849c\u3001\u6599\u9152\u3001\u869d\u6cb9\u3001\u76d0\u3001\u7cd6\u3001\u751f\u62bd\u3001\u6cb9\u3001\u751f\u7c89\u3001\u8001\u62bd\u3001\u80e1\u6912\u7c89\u3001\u7ea2\u706f\u7b3c\u6912\u3001\u5e72\u8c46\u8c49\u3001\u808b\u6392\u8f6f\u9aa8"
    }, {
      "name": "\u5ddd\u5473\u6c34\u716e\u9c7c",
      "id": "887384",
      "img": "http:\/\/s1.cdn.jiaonizuocai.com\/caipu\/201609\/1220\/122045335648.jpg\/OTAweDYwMA",
      "all_click": "64.4\u4e07",
      "favorites": "1.2\u4e07",
      "uri": "dishInfo.app?code=88755227",
      "is_fine": 1,
      "has_make_img": 1,
      "is_exclusive": "2",
      "burdens": "\u9999\u83dc\u3001\u91d1\u9488\u83c7\u3001\u9752\u83dc\u3001\u8c46\u82bd\u3001\u5e72\u7ea2\u8fa3\u6912\u3001\u9e21\u86cb\u6e05\u3001\u9ed1\u9c7c\u3001\u59dc\u3001\u918b\u3001\u849c\u3001\u5927\u8471\u3001\u6599\u9152\u3001\u82b1\u6912\u3001\u76d0\u3001\u7cd6\u3001\u751f\u62bd\u3001\u6cb9\u3001\u8fa3\u6912\u7c89\u3001\u82b1\u6912\u9762\u3001\u90eb\u53bf\u8c46\u74e3\u9171\u3001\u9e21\u7c89\u3001\u6c34\u6216\u9ad8\u6c64\u3001\u7897\u8c46\u7c89\u6216\u7ea2\u85af\u6dc0\u7c89"
    }, {
      "name": "\u5e72\u7178\u725b\u8089\u4e1d",
      "id": "848610",
      "img": "http:\/\/s1.cdn.jiaonizuocai.com\/caipu\/201606\/1821\/182152287631.jpg\/OTAweDYwMA",
      "all_click": "150.0\u4e07",
      "favorites": "1.1\u4e07",
      "uri": "dishInfo.app?code=84877871",
      "is_fine": 1,
      "has_make_img": 1,
      "is_exclusive": "2",
      "burdens": "\u725b\u91cc\u810a\u8089"
    }, {
      "name": "\u91cd\u5e86\u8fa3\u5b50\u9e21",
      "id": "867697",
      "img": "http:\/\/s1.cdn.jiaonizuocai.com\/caipu\/201608\/0804\/080441068530.jpg\/OTAweDYwMA",
      "all_click": "115.1\u4e07",
      "favorites": "1.4\u4e07",
      "uri": "dishInfo.app?code=86786578",
      "is_fine": 1,
      "has_make_img": 1,
      "is_exclusive": "2",
      "burdens": "\u9ed1\u817f\u4ed4\u516c\u9e21"
    }, {
      "name": " \u9c7c\u9999\u8089\u4e1d",
      "id": "775083",
      "img": "http:\/\/s1.cdn.jiaonizuocai.com\/caipu\/201508\/0715\/071505539312.jpg\/OTAweDYwMA",
      "all_click": "200.2\u4e07",
      "favorites": "4321",
      "uri": "dishInfo.app?code=77525159",
      "is_fine": 2,
      "has_make_img": 1,
      "is_exclusive": "9",
      "burdens": "\u80e1\u841d\u535c\u3001\u9752\u6912\u3001\u7b0b\u3001\u6728\u8033\u3001\u918b\u3001\u6599\u9152\u3001\u91cc\u810a\u8089\u3001\u7cd6\u3001\u8001\u62bd\u3001\u9999\u6cb9\u3001\u6dc0\u7c89\u3001\u8c46\u74e3"
    }, {
      "name": "\u8fa3\u5b50\u9e21\u4e01",
      "id": "876373",
      "img": "http:\/\/s1.cdn.jiaonizuocai.com\/caipu\/201608\/2723\/272304117232.jpg\/OTAweDYwMA",
      "all_click": "220.7\u4e07",
      "favorites": "2.1\u4e07",
      "uri": "dishInfo.app?code=87654096",
      "is_fine": 1,
      "has_make_img": 1,
      "is_exclusive": "2",
      "burdens": "\u9e21\u8089\u3001\u5e72\u8fa3\u6912"
    },
    {
      "name": "\u8c46\u89d2\u7116\u9762",
      "id": "778426",
      "img": "http:\/\/s1.cdn.jiaonizuocai.com\/videoImg\/201510\/2013\/5625d476b1d48.jpg\/OTAweDYwMA",
      "all_click": "716.6\u4e07",
      "favorites": "4.5\u4e07",
      "uri": "dishInfo.app?code=77859471",
      "is_fine": 1,
      "has_make_img": 1,
      "is_exclusive": "2",
      "burdens": "\u6241\u8c46\u3001\u5207\u9762\u6761"
    }, {
      "name": "\u8471\u6cb9\u997c",
      "id": "785494",
      "img": "http:\/\/s1.cdn.jiaonizuocai.com\/caipu\/201510\/1811\/181119578074.jpg\/OTAweDYwMA",
      "all_click": "348.7\u4e07",
      "favorites": "2.7\u4e07",
      "uri": "dishInfo.app?code=78566252",
      "is_fine": 1,
      "has_make_img": 1,
      "is_exclusive": "9",
      "burdens": "\u9762\u7c89\u3001\u8471\u82b1\u3001\u76d0\u3001\u6cb9\u3001\u80e1\u6912\u7c89\u3001\u70ed\u6c34"
    }, {
      "name": "\u6cb9\u6cfc\u9762",
      "id": "778826",
      "img": "http:\/\/s1.cdn.jiaonizuocai.com\/caipu\/201606\/0322\/032223367102.jpg\/OTAweDYwMA",
      "all_click": "904.2\u4e07",
      "favorites": "4.2\u4e07",
      "uri": "dishInfo.app?code=77899471",
      "is_fine": 1,
      "has_make_img": 1,
      "is_exclusive": "2",
      "burdens": "\u624b\u64c0\u9762"
    }, {
      "name": "\u97ed\u83dc\u76d2\u5b50",
      "id": "814477",
      "img": "http:\/\/s1.cdn.jiaonizuocai.com\/caipu\/201604\/0300\/030002493912.jpg\/OTAweDYwMA",
      "all_click": "174.6\u4e07",
      "favorites": "1.3\u4e07",
      "uri": "dishInfo.app?code=81464580",
      "is_fine": 1,
      "has_make_img": 1,
      "is_exclusive": "2",
      "burdens": "\u9e21\u86cb\u3001\u97ed\u83dc\u3001\u9762\u7c89\u3001\u867e\u76ae\u3001\u5927\u867e"
    }, {
      "name": "\u9633\u6625\u9762",
      "id": "782948",
      "img": "http:\/\/s1.cdn.jiaonizuocai.com\/caipu\/201510\/0110\/011059237019.jpg\/OTAweDYwMA",
      "all_click": "82.4\u4e07",
      "favorites": "2728",
      "uri": "dishInfo.app?code=78311608",
      "is_fine": 2,
      "has_make_img": 1,
      "is_exclusive": "9",
      "burdens": "\u9f99\u987b\u9762\u3001\u9ad8\u6c64"
    }, {
      "name": "\u6d77\u9c9c\u610f\u5927\u5229\u9762",
      "id": "769530",
      "img": "http:\/\/s1.cdn.jiaonizuocai.com\/caipu\/201506\/2416\/071619394874.jpg\/OTAweDYwMA",
      "all_click": "154.6\u4e07",
      "favorites": "9270",
      "uri": "dishInfo.app?code=76969827",
      "is_fine": 1,
      "has_make_img": 1,
      "is_exclusive": "9",
      "burdens": "\u867e\u3001\u6d0b\u8471\u3001\u6c34\u3001\u610f\u5927\u5229\u9762\u3001\u767d\u8461\u8404\u9152\u3001\u9752\u9171\u3001\u76d0\u3001\u6a44\u6984\u6cb9\u3001\u9ed1\u80e1\u6912\u788e"
    }, {
      "name": "\u5357\u74dc\u9992\u5934",
      "id": "797708",
      "img": "http:\/\/s1.cdn.jiaonizuocai.com\/caipu\/201601\/0609\/06090112749.jpg\/OTAweDYwMA",
      "all_click": "146.1\u4e07",
      "favorites": "8154",
      "uri": "dishInfo.app?code=79787686",
      "is_fine": 1,
      "has_make_img": 1,
      "is_exclusive": "9",
      "burdens": "\u5357\u74dc\u3001\u9762\u7c89"
    }, {
      "name": "\u65fa\u4ed4\u5c0f\u9992\u5934",
      "id": "807546",
      "img": "http:\/\/s1.cdn.jiaonizuocai.com\/caipu\/201603\/0215\/021509133265.jpg\/OTAweDYwMA",
      "all_click": "55.5\u4e07",
      "favorites": "5860",
      "uri": "dishInfo.app?code=80771480",
      "is_fine": 1,
      "has_make_img": 1,
      "is_exclusive": "9",
      "burdens": "\u9e21\u86cb\u3001\u7389\u7c73\u6dc0\u7c89\u3001\u4f4e\u7c89\u3001\u5976\u7c89\u3001\u571f\u8c46\u6dc0\u7c89\u3001\u6ce1\u6253\u7c89\u3001\u7cd6\u7c89"
    }, {
      "name": "\u7ea2\u7cd6\u9992\u5934",
      "id": "791681",
      "img": "http:\/\/s1.cdn.jiaonizuocai.com\/caipu\/201512\/0108\/010831371861.jpg\/OTAweDYwMA",
      "all_click": "159.0\u4e07",
      "favorites": "1.4\u4e07",
      "uri": "dishInfo.app?code=79184958",
      "is_fine": 1,
      "has_make_img": 1,
      "is_exclusive": "1",
      "burdens": "\u9762\u7c89\u3001\u6c34\u3001\u9175\u6bcd\u3001\u7ea2\u7cd6"
    }, {
      "name": "\u725b\u5976\u5200\u5207\u9992\u5934",
      "id": "832780",
      "img": "http:\/\/s1.cdn.jiaonizuocai.com\/caipu\/201605\/1117\/111715571754.jpg\/OTAweDYwMA",
      "all_click": "34.3\u4e07",
      "favorites": "2461",
      "uri": "dishInfo.app?code=83294795",
      "is_fine": 2,
      "has_make_img": 1,
      "is_exclusive": "9",
      "burdens": "\u4e2d\u7b4b\u9762\u7c89\u3001\u7eaf\u725b\u5976"
    },
    {
      "name": "\u725b\u8089\u6c64",
      "id": "876125",
      "img": "http:\/\/s1.cdn.jiaonizuocai.com\/caipu\/201608\/2718\/271828041490.jpg\/OTAweDYwMA",
      "all_click": "100.9\u4e07",
      "favorites": "525",
      "uri": "dishInfo.app?code=87629388",
      "is_fine": 2,
      "has_make_img": 1,
      "is_exclusive": "2",
      "burdens": "\u725b\u8089\u3001\u751f\u59dc\u3001\u6599\u9152\u3001\u76d0\u3001\u9171\u6cb9\u3001\u516b\u89d2\u3001\u6842\u76ae\u3001\u6e05\u6c34\u3001\u80e1\u6912\u7c89\u3001\u5e72\u5c71\u6942"
    }, {
      "name": "\u897f\u73ed\u7259\u852c\u83dc\u51b7\u6c64",
      "id": "771608",
      "img": "http:\/\/s1.cdn.jiaonizuocai.com\/caipu\/201507\/1413\/141314488556.jpg\/OTAweDYwMA",
      "all_click": "2.2\u4e07",
      "favorites": "101",
      "uri": "dishInfo.app?code=77177688",
      "is_fine": 2,
      "has_make_img": 1,
      "is_exclusive": "9",
      "burdens": "\u82b9\u83dc\u3001\u6d0b\u8471\u3001\u897f\u7ea2\u67ff\u3001\u67e0\u6aac\u3001\u9762\u5305\u7247\u3001\u7ea2\u751c\u6912\u3001\u7ea2\u841d\u535c\u3001\u5927\u849c\u3001\u575a\u679c"
    }, {
      "name": "\u5976\u6cb9\u8611\u83c7\u6c64",
      "id": "780219",
      "img": "http:\/\/s1.cdn.jiaonizuocai.com\/caipu\/201509\/1116\/111618148851.jpg\/OTAweDYwMA",
      "all_click": "112.5\u4e07",
      "favorites": "7279",
      "uri": "dishInfo.app?code=78038788",
      "is_fine": 1,
      "has_make_img": 1,
      "is_exclusive": "9",
      "burdens": "\u6d0b\u8471\u3001\u8611\u83c7\u3001\u725b\u5976"
    }, {
      "name": "\u5976\u6cb9\u5357\u74dc\u6d53\u6c64",
      "id": "878722",
      "img": "http:\/\/s1.cdn.jiaonizuocai.com\/caipu\/201608\/3017\/071527326993.jpg\/OTAweDYwMA",
      "all_click": "28.4\u4e07",
      "favorites": "4167",
      "uri": "dishInfo.app?code=87889088",
      "is_fine": 1,
      "has_make_img": 1,
      "is_exclusive": "2",
      "burdens": "\u5357\u74dc\u3001\u725b\u5976\u3001\u5976\u6cb9\uff08\u53ef\u4e0d\u52a0\uff09"
    }, {
      "name": "\u5976\u6cb9\u8611\u83c7\u6c64",
      "id": "791832",
      "img": "http:\/\/s1.cdn.jiaonizuocai.com\/caipu\/201512\/0206\/020647208391.jpg\/OTAweDYwMA",
      "all_click": "21.4\u4e07",
      "favorites": "2020",
      "uri": "dishInfo.app?code=79200088",
      "is_fine": 2,
      "has_make_img": 1,
      "is_exclusive": "9",
      "burdens": "\u8611\u83c7\u3001\u9762\u7c89\u3001\u9c9c\u5976\u6cb9\u3001\u9ec4\u6cb9"
    }, {
      "name": "\u8611\u83c7\u5976\u6cb9\u6d53\u6c64",
      "id": "882037",
      "img": "http:\/\/s1.cdn.jiaonizuocai.com\/caipu\/201609\/0414\/041445309000.jpg\/OTAweDYwMA",
      "all_click": "58.0\u4e07",
      "favorites": "6046",
      "uri": "dishInfo.app?code=88220588",
      "is_fine": 1,
      "has_make_img": 1,
      "is_exclusive": "2",
      "burdens": "\u706b\u817f\u3001\u53e3\u8611\u3001\u9762\u7c89\u3001\u7eaf\u725b\u5976\u3001\u5976\u6cb9\u3001\u76d0\u3001\u6a44\u6984\u6cb9\u3001\u7f57\u52d2\uff08\u6492\u8868\u9762\uff09"
    }, {
      "name": "\u6cd5\u5f0f\u5976\u6cb9\u8611\u83c7\u6c64",
      "id": "834075",
      "img": "http:\/\/s1.cdn.jiaonizuocai.com\/caipu\/201605\/1320\/132010025630.jpg\/OTAweDYwMA",
      "all_click": "20.3\u4e07",
      "favorites": "1518",
      "uri": "dishInfo.app?code=83424388",
      "is_fine": 1,
      "has_make_img": 1,
      "is_exclusive": "9",
      "burdens": "\u53e3\u8611\u3001\u7d2b\u76ae\u6d0b\u8471\u3001\u6de1\u5976\u6cb9"
    }, {
      "name": "\u5976\u6cb9\u8611\u83c7\u6c64",
      "id": "893258",
      "img": "http:\/\/s1.cdn.jiaonizuocai.com\/caipu\/201609\/2214\/221448417863.jpg\/OTAweDYwMA",
      "all_click": "12.6\u4e07",
      "favorites": "1056",
      "uri": "dishInfo.app?code=89342688",
      "is_fine": 2,
      "has_make_img": 1,
      "is_exclusive": "1",
      "burdens": "\u53e3\u8611\u3001\u9762\u7c89\u3001\u5706\u8471\u3001\u9ec4\u6cb9\u3001\u6de1\u5976\u6cb9"
    }, {
      "name": "\u53cc\u5b62\u83c7\u5976\u6cb9\u6d53\u6c64",
      "id": "817885",
      "img": "http:\/\/s1.cdn.jiaonizuocai.com\/caipu\/201604\/1522\/162208419460.jpg\/OTAweDYwMA",
      "all_click": "4.5\u4e07",
      "favorites": "922",
      "uri": "dishInfo.app?code=81805388",
      "is_fine": 1,
      "has_make_img": 1,
      "is_exclusive": "9",
      "burdens": "\u6d0b\u8471\u3001\u9c9c\u725b\u5976\u3001\u53cc\u5b62\u83c7\u3001\u7a00\u5976\u6cb9"
    }, {
      "name": "\u5976\u6cb9\u5357\u74dc\u6d53\u6c64",
      "id": "805209",
      "img": "http:\/\/s1.cdn.jiaonizuocai.com\/caipu\/201602\/1515\/151510239140.jpg\/OTAweDYwMA",
      "all_click": "8.7\u4e07",
      "favorites": "833",
      "uri": "dishInfo.app?code=80537788",
      "is_fine": 2,
      "has_make_img": 1,
      "is_exclusive": "9",
      "burdens": "\u5357\u74dc\u3001\u725b\u5976\u3001\u6de1\u5976\u6cb9"
    },{
      "name": "\u9ec4\u8c46\u82bd\u7092\u7c89\u6761",
      "id": "778804",
      "img": "http:\/\/s1.cdn.jiaonizuocai.com\/caipu\/201508\/3113\/311309175276.jpg\/OTAweDYwMA",
      "all_click": "399.3\u4e07",
      "favorites": "4.7\u4e07",
      "uri": "dishInfo.app?code=77897271",
      "is_fine": 1,
      "has_make_img": 1,
      "is_exclusive": "2",
      "burdens": "\u9ec4\u8c46\u82bd\u3001\u7c89\u6761"
    }, {
      "name": "\u6728\u8033\u7092\u9e21\u86cb",
      "id": "778433",
      "img": "http:\/\/s1.cdn.jiaonizuocai.com\/videoImg\/201508\/2720\/55defe33a9f40.JPG\/OTAweDYwMA",
      "all_click": "415.9\u4e07",
      "favorites": "4.2\u4e07",
      "uri": "dishInfo.app?code=77860171",
      "is_fine": 1,
      "has_make_img": 1,
      "is_exclusive": "2",
      "burdens": "\u9e21\u86cb\u3001\u6728\u8033"
    }, {
      "name": "\u7599\u7629\u6c64",
      "id": "780078",
      "img": "http:\/\/s1.cdn.jiaonizuocai.com\/videoImg\/201509\/0722\/55ed9d661ae37.JPG\/OTAweDYwMA",
      "all_click": "745.0\u4e07",
      "favorites": "4.8\u4e07",
      "uri": "dishInfo.app?code=78024671",
      "is_fine": 1,
      "has_make_img": 1,
      "is_exclusive": "2",
      "burdens": "\u9e21\u86cb\u3001\u6cb9\u83dc\u3001\u897f\u7ea2\u67ff\u3001\u9762\u7c89"
    }, {
      "name": "\u6e05\u84b8\u5927\u95f8\u87f9",
      "id": "782253",
      "img": "http:\/\/s1.cdn.jiaonizuocai.com\/caipu\/201509\/2600\/26001924238.jpg\/OTAweDYwMA",
      "all_click": "122.5\u4e07",
      "favorites": "5439",
      "uri": "dishInfo.app?code=78242181",
      "is_fine": 2,
      "has_make_img": 1,
      "is_exclusive": "9",
      "burdens": "\u5927\u95f8\u87f9\u3001\u59dc"
    }, {
      "name": "\u76ae\u86cb\u7626\u8089\u7ca5",
      "id": "825833",
      "img": "http:\/\/s1.cdn.jiaonizuocai.com\/caipu\/201604\/1820\/182014224139.jpg\/OTAweDYwMA",
      "all_click": "278.8\u4e07",
      "favorites": "3.8\u4e07",
      "uri": "dishInfo.app?code=82600133",
      "is_fine": 2,
      "has_make_img": 1,
      "is_exclusive": "9",
      "burdens": "\u76ae\u86cb\u3001\u751f\u83dc\u3001\u5269\u7c73\u996d\u3001\u7626\u8089"
    }, {
      "name": "\u7ea2\u70e7\u51ac\u74dc",
      "id": "787717",
      "img": "http:\/\/s1.cdn.jiaonizuocai.com\/videoImg\/201510\/3013\/5632fdfbd19c5.jpg\/OTAweDYwMA",
      "all_click": "752.5\u4e07",
      "favorites": "4.1\u4e07",
      "uri": "dishInfo.app?code=78788571",
      "is_fine": 1,
      "has_make_img": 1,
      "is_exclusive": "2",
      "burdens": "\u51ac\u74dc"
    }, {
      "name": "\u897f\u7ea2\u67ff\u7092\u9e21\u86cb",
      "id": "801048",
      "img": "http:\/\/s1.cdn.jiaonizuocai.com\/caipu\/201601\/1914\/191406289.jpg\/OTAweDYwMA",
      "all_click": "624.1\u4e07",
      "favorites": "3.1\u4e07",
      "uri": "dishInfo.app?code=80121673",
      "is_fine": 1,
      "has_make_img": 1,
      "is_exclusive": "9",
      "burdens": "\u9e21\u86cb\u3001\u9999\u83dc\u3001\u897f\u7ea2\u67ff\u3001\u8471\u3001\u5927\u849c"
    }, {
      "name": "\u51c9\u62cc\u91d1\u9488\u83c7",
      "id": "808259",
      "img": "http:\/\/s1.cdn.jiaonizuocai.com\/caipu\/201603\/0613\/061327511225.jpg\/OTAweDYwMA",
      "all_click": "198.8\u4e07",
      "favorites": "1.9\u4e07",
      "uri": "dishInfo.app?code=80842760",
      "is_fine": 1,
      "has_make_img": 1,
      "is_exclusive": "9",
      "burdens": "\u91d1\u9488\u83c7\u3001\u5c0f\u7c73\u6912\u3001\u7ea2\u676d\u6912\u3001\u8471\u3001\u849c"
    }, {
      "name": "\u814a\u516b\u7ca5",
      "id": "800443",
      "img": "http:\/\/s1.cdn.jiaonizuocai.com\/caipu\/201601\/1709\/170957578030.jpg\/OTAweDYwMA",
      "all_click": "139.0\u4e07",
      "favorites": "7294",
      "uri": "dishInfo.app?code=80061111",
      "is_fine": 2,
      "has_make_img": 1,
      "is_exclusive": "9",
      "burdens": "\u767e\u5408\u3001\u83b2\u5b50\u3001\u67b8\u675e\u3001\u5927\u7c73\u3001\u5c0f\u7c73\u3001\u858f\u7c73\u3001\u7ea2\u8c46\u3001\u9ed1\u8c46\u3001\u7d2b\u7c73\u3001\u5e72\u67a3\u3001\u5c0f\u7389\u7c73\u832c"
    },
    {
      "name": "\u9ec4\u8c46\u82bd\u7092\u7c89\u6761",
      "id": "778804",
      "img": "http:\/\/s1.cdn.jiaonizuocai.com\/caipu\/201508\/3113\/311309175276.jpg\/OTAweDYwMA",
      "all_click": "399.3\u4e07",
      "favorites": "4.7\u4e07",
      "uri": "dishInfo.app?code=77897271",
      "is_fine": 1,
      "has_make_img": 1,
      "is_exclusive": "2",
      "burdens": "\u9ec4\u8c46\u82bd\u3001\u7c89\u6761"
    }, {
      "name": "\u6728\u8033\u7092\u9e21\u86cb",
      "id": "778433",
      "img": "http:\/\/s1.cdn.jiaonizuocai.com\/videoImg\/201508\/2720\/55defe33a9f40.JPG\/OTAweDYwMA",
      "all_click": "415.9\u4e07",
      "favorites": "4.2\u4e07",
      "uri": "dishInfo.app?code=77860171",
      "is_fine": 1,
      "has_make_img": 1,
      "is_exclusive": "2",
      "burdens": "\u9e21\u86cb\u3001\u6728\u8033"
    }, {
      "name": "\u7599\u7629\u6c64",
      "id": "780078",
      "img": "http:\/\/s1.cdn.jiaonizuocai.com\/videoImg\/201509\/0722\/55ed9d661ae37.JPG\/OTAweDYwMA",
      "all_click": "745.0\u4e07",
      "favorites": "4.8\u4e07",
      "uri": "dishInfo.app?code=78024671",
      "is_fine": 1,
      "has_make_img": 1,
      "is_exclusive": "2",
      "burdens": "\u9e21\u86cb\u3001\u6cb9\u83dc\u3001\u897f\u7ea2\u67ff\u3001\u9762\u7c89"
    }, {
      "name": "\u6e05\u84b8\u5927\u95f8\u87f9",
      "id": "782253",
      "img": "http:\/\/s1.cdn.jiaonizuocai.com\/caipu\/201509\/2600\/26001924238.jpg\/OTAweDYwMA",
      "all_click": "122.5\u4e07",
      "favorites": "5439",
      "uri": "dishInfo.app?code=78242181",
      "is_fine": 2,
      "has_make_img": 1,
      "is_exclusive": "9",
      "burdens": "\u5927\u95f8\u87f9\u3001\u59dc"
    }, {
      "name": "\u76ae\u86cb\u7626\u8089\u7ca5",
      "id": "825833",
      "img": "http:\/\/s1.cdn.jiaonizuocai.com\/caipu\/201604\/1820\/182014224139.jpg\/OTAweDYwMA",
      "all_click": "278.8\u4e07",
      "favorites": "3.8\u4e07",
      "uri": "dishInfo.app?code=82600133",
      "is_fine": 2,
      "has_make_img": 1,
      "is_exclusive": "9",
      "burdens": "\u76ae\u86cb\u3001\u751f\u83dc\u3001\u5269\u7c73\u996d\u3001\u7626\u8089"
    }, {
      "name": "\u7ea2\u70e7\u51ac\u74dc",
      "id": "787717",
      "img": "http:\/\/s1.cdn.jiaonizuocai.com\/videoImg\/201510\/3013\/5632fdfbd19c5.jpg\/OTAweDYwMA",
      "all_click": "752.5\u4e07",
      "favorites": "4.1\u4e07",
      "uri": "dishInfo.app?code=78788571",
      "is_fine": 1,
      "has_make_img": 1,
      "is_exclusive": "2",
      "burdens": "\u51ac\u74dc"
    }, {
      "name": "\u897f\u7ea2\u67ff\u7092\u9e21\u86cb",
      "id": "801048",
      "img": "http:\/\/s1.cdn.jiaonizuocai.com\/caipu\/201601\/1914\/191406289.jpg\/OTAweDYwMA",
      "all_click": "624.1\u4e07",
      "favorites": "3.1\u4e07",
      "uri": "dishInfo.app?code=80121673",
      "is_fine": 1,
      "has_make_img": 1,
      "is_exclusive": "9",
      "burdens": "\u9e21\u86cb\u3001\u9999\u83dc\u3001\u897f\u7ea2\u67ff\u3001\u8471\u3001\u5927\u849c"
    }, {
      "name": "\u51c9\u62cc\u91d1\u9488\u83c7",
      "id": "808259",
      "img": "http:\/\/s1.cdn.jiaonizuocai.com\/caipu\/201603\/0613\/061327511225.jpg\/OTAweDYwMA",
      "all_click": "198.8\u4e07",
      "favorites": "1.9\u4e07",
      "uri": "dishInfo.app?code=80842760",
      "is_fine": 1,
      "has_make_img": 1,
      "is_exclusive": "9",
      "burdens": "\u91d1\u9488\u83c7\u3001\u5c0f\u7c73\u6912\u3001\u7ea2\u676d\u6912\u3001\u8471\u3001\u849c"
    }, {
      "name": "\u814a\u516b\u7ca5",
      "id": "800443",
      "img": "http:\/\/s1.cdn.jiaonizuocai.com\/caipu\/201601\/1709\/170957578030.jpg\/OTAweDYwMA",
      "all_click": "139.0\u4e07",
      "favorites": "7294",
      "uri": "dishInfo.app?code=80061111",
      "is_fine": 2,
      "has_make_img": 1,
      "is_exclusive": "9",
      "burdens": "\u767e\u5408\u3001\u83b2\u5b50\u3001\u67b8\u675e\u3001\u5927\u7c73\u3001\u5c0f\u7c73\u3001\u858f\u7c73\u3001\u7ea2\u8c46\u3001\u9ed1\u8c46\u3001\u7d2b\u7c73\u3001\u5e72\u67a3\u3001\u5c0f\u7389\u7c73\u832c"
    },
    {
      "name": "\u83e0\u841d\u9178\u751c\u6392\u9aa8",
      "id": "847744",
      "img": "http:\/\/s1.cdn.jiaonizuocai.com\/caipu\/201606\/1613\/161334075974.jpg\/OTAweDYwMA",
      "all_click": "96.6\u4e07",
      "favorites": "2.1\u4e07",
      "uri": "dishInfo.app?code=84791216",
      "is_fine": 1,
      "has_make_img": 1,
      "is_exclusive": "1",
      "burdens": "\u6392\u9aa8\u3001\u6d0b\u8471\u3001\u9752\u6912\u3001\u83e0\u841d\u3001\u7ea2\u8fa3\u6912"
    }, {
      "name": "\u9178\u6885\u852c\u83dc\u8272\u62c9",
      "id": "846981",
      "img": "http:\/\/s1.cdn.jiaonizuocai.com\/caipu\/201606\/1409\/140913126661.jpg\/OTAweDYwMA",
      "all_click": "9.2\u4e07",
      "favorites": "739",
      "uri": "dishInfo.app?code=84714988",
      "is_fine": 1,
      "has_make_img": 1,
      "is_exclusive": "2",
      "burdens": "\u756a\u8304\u3001\u5ae9\u8c46\u8150\u3001\u9752\u7d2b\u82cf\u53f6\u3001\u751f\u62bd\u3001\u6a44\u6984\u6cb9\u3001\u9c7c\u9732\u3001\u8bdd\u6885"
    }, {
      "name": "\u8fa3\u7092\u9e21\u817f\u8089",
      "id": "846583",
      "img": "http:\/\/s1.cdn.jiaonizuocai.com\/caipu\/201606\/1221\/12210530462.jpg\/OTAweDYwMA",
      "all_click": "144.1\u4e07",
      "favorites": "3.6\u4e07",
      "uri": "dishInfo.app?code=84675131",
      "is_fine": 1,
      "has_make_img": 1,
      "is_exclusive": "2",
      "burdens": "\u7ea2\u6912\u3001\u5e72\u7ea2\u8fa3\u6912\u3001\u9752\u8fa3\u6912\u3001\u9e21\u8fb9\u817f\u3001\u6599\u9152\u3001\u76d0\u3001\u9e21\u7cbe\u3001\u8001\u62bd\u3001\u767d\u7cd6\u3001\u82b1\u6912\u7c89\u3001\u9999\u918b\u3001\u82b1\u6912\u7c92"
    }, {
      "name": "\u5c16\u6912\u7092\u8089",
      "id": "829451",
      "img": "http:\/\/s1.cdn.jiaonizuocai.com\/caipu\/201604\/2621\/262157324967.jpg\/OTAweDYwMA",
      "all_click": "125.2\u4e07",
      "favorites": "1.4\u4e07",
      "uri": "dishInfo.app?code=82961897",
      "is_fine": 1,
      "has_make_img": 1,
      "is_exclusive": "0",
      "burdens": "\u5c16\u6912\u3001\u7626\u8089\u3001\u5c0f\u7c73\u6912"
    }, {
      "name": "\u8089\u672b\u82a5\u5170",
      "id": "847345",
      "img": "http:\/\/s1.cdn.jiaonizuocai.com\/caipu\/201606\/1512\/151228169151.jpg\/OTAweDYwMA",
      "all_click": "13.6\u4e07",
      "favorites": "2373",
      "uri": "dishInfo.app?code=84751379",
      "is_fine": 1,
      "has_make_img": 1,
      "is_exclusive": "1",
      "burdens": "\u7626\u8089\u3001\u82a5\u5170\u3001\u5927\u849c\u3001\u6cb9\u3001\u76d0\u3001\u9e21\u7cbe\u3001\u9171\u6cb9\u3001\u8017\u6cb9\u3001\u751f\u7c89\u3001\u67b8\u675e"
    }, {
      "name": "\u732a\u8089\u812f",
      "id": "847174",
      "img": "http:\/\/s1.cdn.jiaonizuocai.com\/caipu\/201606\/1419\/141923517247.jpg\/OTAweDYwMA",
      "all_click": "57.4\u4e07",
      "favorites": "4724",
      "uri": "dishInfo.app?code=84734192",
      "is_fine": 1,
      "has_make_img": 1,
      "is_exclusive": "1",
      "burdens": "\u732a\u7626\u8089\u3001\u6599\u9152\u3001\u751f\u62bd\u3001\u8702\u871c\u3001\u9c7c\u9732"
    }, {
      "name": "\u4e09\u6587\u9c7c\u852c\u83dc\u8272\u62c9",
      "id": "845554",
      "img": "http:\/\/s1.cdn.jiaonizuocai.com\/caipu\/201606\/0900\/090038146021.jpg\/OTAweDYwMA",
      "all_click": "17.7\u4e07",
      "favorites": "2648",
      "uri": "dishInfo.app?code=84572288",
      "is_fine": 1,
      "has_make_img": 1,
      "is_exclusive": "2",
      "burdens": "\u4e09\u6587\u9c7c\u3001\u6d0b\u8471\u3001\u897f\u5170\u82b1\u3001\u5c0f\u756a\u8304\u3001\u76d0\u3001\u7cd6\u3001\u6a44\u6984\u6cb9\u3001\u767d\u918b\u3001\u67e0\u6aac\u6c41"
    }, {
      "name": "\u54b8\u86cb\u9ec4\u917f\u4e94\u82b1\u8089",
      "id": "847037",
      "img": "http:\/\/s1.cdn.jiaonizuocai.com\/caipu\/201606\/1413\/141306187943.jpg\/OTAweDYwMA",
      "all_click": "49.3\u4e07",
      "favorites": "6013",
      "uri": "dishInfo.app?code=84720490",
      "is_fine": 1,
      "has_make_img": 1,
      "is_exclusive": "1",
      "burdens": "\u4e94\u82b1\u8089\u3001\u54b8\u86cb\u9ec4"
    }, {
      "name": "\u51c9\u62cc\u7a7a\u5fc3\u83dc",
      "id": "847222",
      "img": "http:\/\/s1.cdn.jiaonizuocai.com\/caipu\/201606\/1422\/142204442229.jpg\/OTAweDYwMA",
      "all_click": "52.8\u4e07",
      "favorites": "6315",
      "uri": "dishInfo.app?code=84738997",
      "is_fine": 1,
      "has_make_img": 1,
      "is_exclusive": "2",
      "burdens": "\u5c0f\u7c73\u6912\u3001\u7a7a\u5fc3\u83dc"
    }, {
      "name": "\u9ec4\u91d1\u8774\u8776\u867e",
      "id": "846778",
      "img": "http:\/\/s1.cdn.jiaonizuocai.com\/caipu\/201606\/1315\/131802164544.jpg\/OTAweDYwMA",
      "all_click": "38.5\u4e07",
      "favorites": "6476",
      "uri": "dishInfo.app?code=84694661",
      "is_fine": 1,
      "has_make_img": 1,
      "is_exclusive": "2",
      "burdens": "\u9e21\u86cb\u3001\u9762\u7c89\u3001\u660e\u867e\u3001\u9762\u5305\u7ce0"
    },
    {
      "name": "\u8f6f\u9762\u5305",
      "id": "886037",
      "img": "http:\/\/s1.cdn.jiaonizuocai.com\/caipu\/201609\/1016\/101601068769.jpg\/OTAweDYwMA",
      "all_click": "36.9\u4e07",
      "favorites": "6313",
      "uri": "dishInfo.app?code=88620588",
      "is_fine": 1,
      "has_make_img": 1,
      "is_exclusive": "2",
      "burdens": "\u7389\u7c73\u9762\u3001\u725b\u5976\u3001\u9175\u6bcd\u3001\u9ad8\u7b4b\u9762\u7c89\u3001\u9ec4\u6cb9\u3001\u76d0\u3001\u7cd6"
    }, {
      "name": "\u8f6f\u9762\u5305",
      "id": "930245",
      "img": "http:\/\/s1.cdn.jiaonizuocai.com\/caipu\/201703\/2308\/230800452523.jpg\/OTAweDYwMA",
      "all_click": "9.7\u4e07",
      "favorites": "2292",
      "uri": "dishInfo.app?code=93041388",
      "is_fine": 1,
      "has_make_img": 1,
      "is_exclusive": "2",
      "burdens": "\u7389\u7c73\u9762\u3001\u725b\u5976\u3001\u9175\u6bcd\u3001\u9ad8\u7b4b\u9762\u7c89\u3001\u9ec4\u6cb9\u3001\u76d0\u3001\u767d\u7cd6"
    }, {
      "name": "\u9999\u751c\u8f6f\u9762\u5305",
      "id": "787748",
      "img": "http:\/\/s1.cdn.jiaonizuocai.com\/caipu\/201511\/0320\/032019467036.jpg\/OTAweDYwMA",
      "all_click": "18.0\u4e07",
      "favorites": "2193",
      "uri": "dishInfo.app?code=78791688",
      "is_fine": 1,
      "has_make_img": 1,
      "is_exclusive": "9",
      "burdens": "\u9e21\u86cb\u3001\u725b\u5976\u3001\u9175\u6bcd\u3001\u9ad8\u7b4b\u9762\u7c89\u3001\u76d0\u3001\u767d\u7802\u7cd6"
    }, {
      "name": "\u677e\u8f6f\u5c0f\u9762\u5305",
      "id": "889806",
      "img": "http:\/\/s1.cdn.jiaonizuocai.com\/caipu\/201609\/1623\/171115558624.jpg\/OTAweDYwMA",
      "all_click": "8.8\u4e07",
      "favorites": "1150",
      "uri": "dishInfo.app?code=88997488",
      "is_fine": 1,
      "has_make_img": 1,
      "is_exclusive": "2",
      "burdens": "\u9e21\u86cb\u3001\u725b\u5976\u3001\u9175\u6bcd\u3001\u9ad8\u7b4b\u9762\u7c89\u3001\u5976\u7c89\u3001\u9ec4\u6cb9\u3001\u767d\u7cd6"
    }, {
      "name": "\u9999\u751c\u8f6f\u9762\u5305",
      "id": "849358",
      "img": "http:\/\/s1.cdn.jiaonizuocai.com\/caipu\/201606\/2100\/210017219022.jpg\/OTAweDYwMA",
      "all_click": "5.4\u4e07",
      "favorites": "825",
      "uri": "dishInfo.app?code=84952688",
      "is_fine": 1,
      "has_make_img": 1,
      "is_exclusive": "1",
      "burdens": "\u9e21\u86cb\u3001\u725b\u5976\u3001\u9175\u6bcd\u3001\u9ad8\u7b4b\u9762\u7c89\u3001\u9ec4\u6cb9\u3001\u76d0\u3001\u7cd6\u3001\u86cb\u6db2\uff08\u5237\u8868\u9762\uff09\u3001\u4e03\u5f69\u5de7\u514b\u529b\u5f69\u9488\uff08\u88c5\u9970\u8868\u9762\uff09"
    }, {
      "name": "\u5168\u9ea6\u8f6f\u9762\u5305",
      "id": "786799",
      "img": "http:\/\/s1.cdn.jiaonizuocai.com\/caipu\/201510\/2718\/081946527521.jpg\/OTAweDYwMA",
      "all_click": "5.8\u4e07",
      "favorites": "734",
      "uri": "dishInfo.app?code=78696788",
      "is_fine": 1,
      "has_make_img": 1,
      "is_exclusive": "2",
      "burdens": "\u9e21\u86cb\u3001\u725b\u5976\u3001\u9175\u6bcd\u3001\u5168\u9ea6\u7c89\u3001\u5976\u7c89\u3001\u9ad8\u7b4b\u7c89\u3001\u9ec4\u6cb9\u3001\u76d0\u3001\u7cd6"
    }, {
      "name": "\u8d85\u8f6f\u5168\u9ea6\u9762\u5305",
      "id": "892020",
      "img": "http:\/\/s1.cdn.jiaonizuocai.com\/caipu\/201609\/2014\/201441546363.jpg\/OTAweDYwMA",
      "all_click": "6.2\u4e07",
      "favorites": "1072",
      "uri": "dishInfo.app?code=89218888",
      "is_fine": 2,
      "has_make_img": 1,
      "is_exclusive": "1",
      "burdens": "\u9175\u6bcd\u3001\u9ec4\u6cb9\u3001\u5168\u9ea6\u9762\u5305\u7c89\u3001\u76d0\u3001\u7ea2\u7cd6\u3001\u9178\u5976+\u9e21\u86cb(1\u4e2a)"
    }, {
      "name": "\u514d\u63c9\u8d85\u8f6f\u5c0f\u9762\u5305",
      "id": "811829",
      "img": "http:\/\/s1.cdn.jiaonizuocai.com\/caipu\/201603\/2218\/221853559099.jpg\/OTAweDYwMA",
      "all_click": "7.0\u4e07",
      "favorites": "835",
      "uri": "dishInfo.app?code=81199788",
      "is_fine": 1,
      "has_make_img": 1,
      "is_exclusive": "9",
      "burdens": "\u725b\u5976\uff08\u4e3b\u9762\u56e2\uff09\u3001\u7cd6\uff08\u4e3b\u9762\u56e2\uff09\u3001\u76d0\uff08\u4e3b\u9762\u56e2\uff09\u3001\u6de1\u5976\u6cb9\uff08\u4e3b\u9762\u56e2\uff09\u3001\u9ad8\u7c89\uff08\u4e3b\u9762\u56e2\uff09\u3001\u9175\u6bcd\uff08\u4e3b\u9762\u56e2\uff09\u3001\u5f00\u6c34\uff08\u70eb\u79cd\uff09\u3001\u9e21\u86cb\u6db2\uff08\u88c5\u9970\uff09\u3001\u9ec4\u6cb9\uff08\u4e3b\u9762\u56e2\uff09\u3001\u9ad8\u7c89\uff08\u70eb\u79cd\uff09\u3001\u7cd6\uff08\u70eb\u79cd\uff09\u3001\u9e21\u86cb\u6db2\uff08\u4e3b\u9762\u56e2\uff09\u3001\u9ad8\u7c89\uff08\u6700\u540e\u548c\u9762\uff09\u3001\u9ed1\u829d\u9ebb\uff08\u88c5\u9970\uff09"
    }, {
      "name": "\u86cb\u7cd5\u8f6f\u9762\u5305",
      "id": "940790",
      "img": "http:\/\/s1.cdn.jiaonizuocai.com\/caipu\/201705\/0822\/082240456329.jpg\/OTAweDYwMA",
      "all_click": "1.9\u4e07",
      "favorites": "565",
      "uri": "dishInfo.app?code=94095888",
      "is_fine": 2,
      "has_make_img": 1,
      "is_exclusive": "2",
      "burdens": "\u677e\u5b50\u3001\u9178\u5976\u3001\u6e29\u6c34\u3001\u9175\u6bcd\u3001\u9ad8\u7b4b\u9762\u7c89\u3001\u9ad8\u7b4b\u9762\u7c89\u3001\u8513\u8d8a\u6885\u3001\u6cd5\u8299\u5a1c\u53ef\u53ef\u7c89\u3001\u5e38\u6e29\u9e21\u86cb\u3001\u767d\u7802\u7cd6\u3001\u5976\u6cb9\u5976\u916a\u3001\u52a8\u7269\u6de1\u5976\u6cb9\u3001\u5b89\u742a\u8010\u9ad8\u7cd6\u9175\u6bcd\u3001\u767d\u7802\u7cd615\u514b\u3001\u5976\u916a\u90e8\u5206\uff1a\u3001\u9175\u79cd\u90e8\u5206\uff1a\u3001\u4e3b\u9762\u56e2\u90e8\u5206\uff1a\u3001\u7389\u7c73\u6cb9\u6216\uff08\u65e0\u5473\u8272\u62c9\u6cb9\uff09"
    }, {
      "name": "\u6930\u9999\u8f6f\u9762\u5305",
      "id": "798476",
      "img": "http:\/\/s1.cdn.jiaonizuocai.com\/caipu\/201601\/0915\/091541485253.jpg\/OTAweDYwMA",
      "all_click": "1.3\u4e07",
      "favorites": "42",
      "uri": "dishInfo.app?code=79864488",
      "is_fine": 2,
      "has_make_img": 1,
      "is_exclusive": "9",
      "burdens": "\u9e21\u86cb\u3001\u725b\u5976\u3001\u9762\u7c89\u3001\u9175\u6bcd\u3001\u9ec4\u6cb9\u3001\u76d0\u3001\u6930\u84c9\u3001\u767d\u7cd6"
    },
    {
      "name": "\u9e21\u8089\u9752\u83dc\u7ca5",
      "id": "889627",
      "img": "http:\/\/s1.cdn.jiaonizuocai.com\/caipu\/201609\/1617\/161750058722.jpg\/OTAweDYwMA",
      "all_click": "15.2\u4e07",
      "favorites": "2577",
      "uri": "dishInfo.app?code=88979588",
      "is_fine": 1,
      "has_make_img": 1,
      "is_exclusive": "2",
      "burdens": "\u751f\u83dc\u3001\u80e1\u841d\u535c\u3001\u5927\u7c73\u3001\u9e21\u80f8\u8089\u3001\u59dc\u3001\u6599\u9152\u3001\u76d0\u3001\u751f\u62bd\u3001\u6e05\u6c34\u3001\u9999\u6cb9"
    }, {
      "name": "\u5357\u74dc\u5c0f\u7c73\u7ca5",
      "id": "898289",
      "img": "http:\/\/s1.cdn.jiaonizuocai.com\/caipu\/201610\/1219\/121934468146.jpg\/OTAweDYwMA",
      "all_click": "3.5\u4e07",
      "favorites": "1352",
      "uri": "dishInfo.app?code=89845788",
      "is_fine": 2,
      "has_make_img": 1,
      "is_exclusive": "2",
      "burdens": "\u5357\u74dc\u3001\u5c0f\u7c73"
    }, {
      "name": "\u300cCathy\u8fb9\u5403\u8fb9\u5065\u5eb7\u300d\u516b\u5b9d\u7ca5\u8425\u517b\u6539\u826f\u7248",
      "id": "926909",
      "img": "http:\/\/s1.cdn.jiaonizuocai.com\/caipu\/201703\/0817\/081716469456.jpg\/OTAweDYwMA",
      "all_click": "9.4\u4e07",
      "favorites": "1072",
      "uri": "dishInfo.app?code=92707788",
      "is_fine": 1,
      "has_make_img": 1,
      "is_exclusive": "2",
      "burdens": "\u83b2\u5b50\u3001\u67b8\u675e\u3001\u9ed1\u7c73\u3001\u858f\u7c73\u3001\u71d5\u9ea6\u3001\u7ea2\u8c46\u3001\u835e\u9ea6\u3001\u767d\u7389\u7c73\u7cc1"
    }, {
      "name": "\u5c0f\u7c73\u7ea2\u8c46\u7ca5",
      "id": "892051",
      "img": "http:\/\/s1.cdn.jiaonizuocai.com\/caipu\/201609\/2015\/201530034501.jpg\/OTAweDYwMA",
      "all_click": "11.3\u4e07",
      "favorites": "675",
      "uri": "dishInfo.app?code=89221988",
      "is_fine": 1,
      "has_make_img": 1,
      "is_exclusive": "2",
      "burdens": "\u5c0f\u7c73\u3001\u7ea2\u8c46"
    }, {
      "name": "\u9999\u83c7\u9752\u83dc\u7ca5",
      "id": "874927",
      "img": "http:\/\/s1.cdn.jiaonizuocai.com\/caipu\/201608\/2615\/261531387841.jpg\/OTAweDYwMA",
      "all_click": "22.4\u4e07",
      "favorites": "3060",
      "uri": "dishInfo.app?code=87509588",
      "is_fine": 1,
      "has_make_img": 1,
      "is_exclusive": "2",
      "burdens": "\u9999\u83c7\u3001\u5927\u7c73\u3001\u9e21\u6bdb\u83dc\u3001\u867e\u4ec1"
    }, {
      "name": "\u7ea2\u67a3\u5c71\u836f\u8c46\u7ca5",
      "id": "899937",
      "img": "http:\/\/s1.cdn.jiaonizuocai.com\/caipu\/201610\/1917\/19173957277.jpg\/OTAweDYwMA",
      "all_click": "25.0\u4e07",
      "favorites": "1354",
      "uri": "dishInfo.app?code=90010588",
      "is_fine": 2,
      "has_make_img": 1,
      "is_exclusive": "2",
      "burdens": "\u5927\u7c73\u3001\u7ea2\u67a3\u3001\u5c71\u836f\u8c46"
    }, {
      "name": "\u5c0f\u7c73\u7389\u7c73\u7ca5",
      "id": "877626",
      "img": "http:\/\/s1.cdn.jiaonizuocai.com\/caipu\/201608\/2913\/291350153179.jpg\/OTAweDYwMA",
      "all_click": "8.4\u4e07",
      "favorites": "309",
      "uri": "dishInfo.app?code=87779488",
      "is_fine": 2,
      "has_make_img": 1,
      "is_exclusive": "2",
      "burdens": "\u5c0f\u7c73\u3001\u5ae9\u7389\u7c73\u7c92\u3001\u7389\u7c73\u7cc1\u5b50"
    }, {
      "name": "\u6f6e\u6c55\u6d77\u9c9c\u7ca5",
      "id": "951982",
      "img": "http:\/\/s1.cdn.jiaonizuocai.com\/caipu\/201707\/1010\/101030575958.jpg\/OTAweDYwMA",
      "all_click": "17.7\u4e07",
      "favorites": "3284",
      "uri": "dishInfo.app?code=95215088",
      "is_fine": 1,
      "has_make_img": 1,
      "is_exclusive": "1",
      "burdens": "\u6392\u9aa8\u3001\u867e\u3001\u5927\u7c73\u3001\u59dc\u672b\u3001\u8471\u82b1\u3001\u87f9\u3001\u82b1\u7532\u3001\u76d0\u3001\u7cd6\u3001\u9171\u6cb9\u3001\u767d\u80e1\u6912\u7c89"
    }, {
      "name": "\u7802\u9505\u76ae\u86cb\u7626\u8089\u7ca5",
      "id": "876215",
      "img": "http:\/\/s1.cdn.jiaonizuocai.com\/caipu\/201608\/2719\/271951393632.jpg\/OTAweDYwMA",
      "all_click": "14.2\u4e07",
      "favorites": "2220",
      "uri": "dishInfo.app?code=87638388",
      "is_fine": 1,
      "has_make_img": 1,
      "is_exclusive": "2",
      "burdens": "\u76ae\u86cb\u3001\u5927\u7c73\u3001\u6c34\u3001\u732a\u8089\u672b"
    }
  ]
}